industry,transaction_type,status,transactions_processed,customers_with_high_value_trans,normalized_90th_percentile
7292,abm,Success,347.0,35.0,0.9780902400445713
7292,emt,Success,2367.0,101.0,0.09013366422709043
7292,card,Success,7215.0,143.0,0.027304515432723272
7292,wire,Success,44.0,0.0,1.0
7292,eft,Success,4022.0,142.0,0.06112539788194851
7292,cheque,Success,8103.0,356.0,0.08354983000213699
UNKNOWN,abm,Success,735.0,73.0,0.48214694075055436
UNKNOWN,emt,Success,4454.0,203.0,0.11003453902689646
UNKNOWN,card,Success,13345.0,267.0,0.030098707539729423
UNKNOWN,wire,Success,64.0,0.0,1.0
UNKNOWN,eft,Success,9061.0,294.0,0.056377271748678674
UNKNOWN,cheque,Success,7822.0,246.0,0.046887074668424636
7721,abm,Success,300.0,30.0,0.73205766650357
7721,emt,Success,2412.0,146.0,0.15522328196306265
7721,card,Success,10856.0,201.0,0.028657072359485766
7721,wire,Success,62.0,7.0,0.948826818431481
7721,eft,Success,9649.0,236.0,0.03484030533589868
7721,cheque,Success,4212.0,122.0,0.034550917816619196
4565,abm,Success,23.0,3.0,0.712171629562059
4565,emt,Success,32.0,4.0,0.6521054587832775
4565,card,Success,536.0,12.0,0.03364399058537697
4565,wire,Skipped - No transactions found,,,
4565,eft,Success,1105.0,16.0,0.02081802315144369
4565,cheque,Success,292.0,13.0,0.07010109451272123
7799,abm,Success,355.0,36.0,0.7283712652121745
7799,emt,Success,3385.0,171.0,0.14169830622450333
7799,card,Success,11691.0,202.0,0.026002202046820567
7799,wire,Success,69.0,0.0,1.0
7799,eft,Success,10165.0,218.0,0.027008714458582918
7799,cheque,Success,3622.0,170.0,0.09307310868877297
7761,abm,Success,321.0,32.0,0.7572051293782939
7761,emt,Success,3790.0,199.0,0.13491976205348044
7761,card,Success,12282.0,236.0,0.030277571106103837
7761,wire,Success,311.0,31.0,0.8723519225639222
7761,eft,Success,14652.0,311.0,0.02410889468035011
7761,cheque,Success,6122.0,235.0,0.06317140007842953
9659,abm,Success,132.0,14.0,0.9545223324435028
9659,emt,Success,2188.0,76.0,0.07416089586406567
9659,card,Success,6252.0,92.0,0.021419156435270863
9659,wire,Success,13.0,2.0,0.9470706155764246
9659,eft,Success,3250.0,100.0,0.05537367429037132
9659,cheque,Success,1755.0,92.0,0.11048461075877675
8653,abm,Success,324.0,33.0,0.6571852713327848
8653,emt,Success,3019.0,140.0,0.1097197882295114
8653,card,Success,8565.0,176.0,0.033638392974462715
8653,wire,Success,59.0,6.0,0.9907941923987268
8653,eft,Success,18726.0,247.0,0.01266338199783653
8653,cheque,Success,5229.0,216.0,0.06879705205281818
7511,abm,Success,242.0,25.0,0.7344680802911457
7511,emt,Success,1883.0,94.0,0.11641737918587522
7511,card,Success,5191.0,107.0,0.03006276975326736
7511,wire,Success,32.0,0.0,1.0
7511,eft,Success,10499.0,187.0,0.022166884651941148
7511,cheque,Success,5521.0,181.0,0.05588590252616967
other,abm,Success,2295.0,230.0,0.7604269795511291
other,emt,Success,22291.0,958.0,0.09818783094068396
other,card,Success,64097.0,1138.0,0.027161229049876768
other,wire,Success,656.0,66.0,0.9829139670535314
other,eft,Success,43285.0,1271.0,0.04573279054515275
other,cheque,Success,35706.0,1290.0,0.059079775342147575
4561,abm,Success,1101.0,110.0,0.6264031980629423
4561,emt,Success,4421.0,226.0,0.13170518448427646
4561,card,Success,22430.0,384.0,0.02746277916446134
4561,wire,Success,110.0,11.0,0.720490056884704
4561,eft,Success,15196.0,378.0,0.035553071293980054
4561,cheque,Success,7375.0,319.0,0.0867270246810691
8661,abm,Success,105.0,11.0,0.9370422279506694
8661,emt,Success,829.0,51.0,0.17230017427116834
8661,card,Success,3102.0,61.0,0.02764751754513847
8661,wire,Skipped - No transactions found,,,
8661,eft,Success,3411.0,78.0,0.03842984915501418
8661,cheque,Success,1997.0,66.0,0.05883637765305609
4275,abm,Success,405.0,36.0,0.33916353229195884
4275,emt,Success,1278.0,55.0,0.12295073228256397
4275,card,Success,3694.0,86.0,0.03968805526027754
4275,wire,Skipped - No transactions found,,,
4275,eft,Success,2417.0,76.0,0.056695408239888834
4275,cheque,Success,2416.0,72.0,0.05328301575003642
7771,abm,Success,655.0,66.0,0.8349673841261475
7771,emt,Success,7027.0,344.0,0.12518424503650244
7771,card,Success,23774.0,491.0,0.031228468280304695
7771,wire,Success,544.0,55.0,0.6402825813423254
7771,eft,Success,22391.0,559.0,0.03588035549488151
7771,cheque,Success,10467.0,321.0,0.04995170376266789
6312,abm,Success,50.0,5.0,0.9122792856422158
6312,emt,Success,448.0,23.0,0.13705177084772394
6312,card,Success,1923.0,32.0,0.029964581991058826
6312,wire,Success,1.0,0.0,1.0
6312,eft,Success,1613.0,50.0,0.04402397514799878
6312,cheque,Success,943.0,47.0,0.10982824916880382
9931,abm,Success,30.0,0.0,1.0
9931,emt,Success,486.0,22.0,0.0847223445767881
9931,card,Success,1347.0,23.0,0.02439796922743306
9931,wire,Success,3.0,1.0,0.9784781395348837
9931,eft,Success,1430.0,24.0,0.02158502251952277
9931,cheque,Success,325.0,25.0,0.22781923189396142
0112,abm,Success,35.0,0.0,1.0
0112,emt,Success,622.0,25.0,0.08924121545725622
0112,card,Success,1693.0,35.0,0.03362588162242616
0112,wire,Skipped - No transactions found,,,
0112,eft,Success,3020.0,40.0,0.007660022208446419
0112,cheque,Success,903.0,37.0,0.07948149930303025
9811,abm,Success,182.0,19.0,0.41196796071901537
9811,emt,Success,1340.0,67.0,0.12566075616851483
9811,card,Success,3230.0,65.0,0.029961869582396865
9811,wire,Success,67.0,5.0,0.2769722680353156
9811,eft,Success,3837.0,84.0,0.030373402798130843
9811,cheque,Success,2915.0,89.0,0.04771870771909217
6011,abm,Success,53.0,6.0,0.33489532872348887
6011,emt,Success,275.0,15.0,0.1464166928374192
6011,card,Success,928.0,18.0,0.032249375972577925
6011,wire,Skipped - No transactions found,,,
6011,eft,Success,1111.0,24.0,0.033200838825807176
6011,cheque,Success,783.0,15.0,0.02419460846693745
7752,abm,Success,92.0,10.0,0.7568533054882479
7752,emt,Success,1635.0,47.0,0.046643437442156856
7752,card,Success,3860.0,69.0,0.02551185562786177
7752,wire,Success,73.0,7.0,0.22662184805561092
7752,eft,Success,3931.0,74.0,0.022233339203223863
7752,cheque,Success,2128.0,53.0,0.030650795681779062
9211,abm,Success,154.0,16.0,0.9284571621124978
9211,emt,Success,1489.0,74.0,0.11247799296666747
9211,card,Success,4628.0,95.0,0.03147257029253554
9211,wire,Success,26.0,3.0,0.9745114785671922
9211,eft,Success,7214.0,124.0,0.02007922271039173
9211,cheque,Success,2961.0,106.0,0.06182443973968452
5622,abm,Success,13.0,2.0,0.2332543375995616
5622,emt,Success,115.0,8.0,0.22596969267622752
5622,card,Success,1340.0,16.0,0.010269115488180842
5622,wire,Success,3.0,1.0,0.9900536706172328
5622,eft,Success,557.0,14.0,0.0419306609168691
5622,cheque,Success,66.0,7.0,0.6901734722016251
9712,abm,Success,363.0,37.0,0.6552359305309017
9712,emt,Success,3383.0,136.0,0.0897730688834052
9712,card,Success,8943.0,166.0,0.029237668383911862
9712,wire,Success,12.0,2.0,0.9784023039946426
9712,eft,Success,7714.0,169.0,0.03313877607640482
9712,cheque,Success,3917.0,134.0,0.0589143179439722
4274,abm,Success,174.0,18.0,0.5206632040883296
4274,emt,Success,705.0,38.0,0.16460738070381256
4274,card,Success,3832.0,70.0,0.028113286037257844
4274,wire,Success,1.0,0.0,1.0
4274,eft,Success,2995.0,64.0,0.02411448085434218
4274,cheque,Success,926.0,60.0,0.15253263383759696
7722,abm,Success,15.0,2.0,0.44726078655975565
7722,emt,Success,127.0,9.0,0.21151412081950405
7722,card,Success,588.0,16.0,0.04198213007674211
7722,wire,Success,3.0,1.0,0.600684639784945
7722,eft,Success,1171.0,15.0,0.014665592132068668
7722,cheque,Success,98.0,10.0,0.37903927569872
0911,abm,Success,24.0,3.0,0.8031894870380595
0911,emt,Success,88.0,9.0,0.3173280865939276
0911,card,Success,703.0,15.0,0.03687362838691942
0911,wire,Success,8.0,1.0,0.9135169139801713
0911,eft,Success,136.0,11.0,0.2704492291149887
0911,cheque,Success,266.0,10.0,0.04189428520031692
9631,abm,Success,50.0,5.0,0.7959608388615453
9631,emt,Success,480.0,36.0,0.22675406541225185
9631,card,Success,2383.0,41.0,0.026135187918543815
9631,wire,Success,5.0,1.0,0.4660612542278544
9631,eft,Success,4126.0,63.0,0.01741616058813169
9631,cheque,Success,948.0,54.0,0.12357618657610002
9949,abm,Success,160.0,10.0,0.1244927369944251
9949,emt,Success,454.0,19.0,0.08159327897207806
9949,card,Success,1549.0,30.0,0.03356580122010046
9949,wire,Success,1.0,0.0,1.0
9949,eft,Success,1600.0,32.0,0.022772054000037626
9949,cheque,Success,206.0,21.0,0.3789379609044374
8652,abm,Success,194.0,20.0,0.5705083863521175
8652,emt,Success,1886.0,103.0,0.1402570848071318
8652,card,Success,6504.0,137.0,0.03608596814190547
8652,wire,Success,24.0,0.0,1.0
8652,eft,Success,14438.0,188.0,0.010461194353975403
8652,cheque,Success,2566.0,158.0,0.16076634471548296
7215,abm,Success,497.0,50.0,0.7527468535743055
7215,emt,Success,7902.0,369.0,0.10141030704276716
7215,card,Success,12015.0,255.0,0.033328815689288575
7215,wire,Success,278.0,28.0,0.9335311404983531
7215,eft,Success,27553.0,750.0,0.03939503761641901
7215,cheque,Success,18016.0,714.0,0.07032623039332242
4013,abm,Success,1100.0,110.0,0.5098469937908225
4013,emt,Success,5632.0,267.0,0.12121321704378707
4013,card,Success,20801.0,384.0,0.03073721988891886
4013,wire,Success,182.0,12.0,0.09749297755152561
4013,eft,Success,11231.0,307.0,0.03711278264988965
4013,cheque,Success,7471.0,319.0,0.07821549129806882
1099,abm,Success,7.0,1.0,0.5220380347371865
1099,emt,Success,49.0,2.0,0.1414809611055531
1099,card,Success,139.0,7.0,0.10053531423784824
1099,wire,Skipped - No transactions found,,,
1099,eft,Success,25.0,3.0,0.9551010060877901
1099,cheque,Success,246.0,6.0,0.03195991637375264
8611,abm,Success,10.0,1.0,0.49239631064213124
8611,emt,Success,267.0,8.0,0.07420993266480952
8611,card,Success,309.0,7.0,0.02774315963151381
8611,wire,Skipped - No transactions found,,,
8611,eft,Success,447.0,9.0,0.020960443815491184
8611,cheque,Success,866.0,13.0,0.014551448148807676
7611,abm,Success,193.0,20.0,0.7624376713077514
7611,emt,Success,2747.0,103.0,0.07468482700686543
7611,card,Success,5311.0,108.0,0.032092192979684686
7611,wire,Success,24.0,3.0,0.7815549823037431
7611,eft,Success,5326.0,153.0,0.046383968098158576
7611,cheque,Success,3389.0,106.0,0.04560793740210253
3999,abm,Success,31.0,3.0,0.10809330200385459
3999,emt,Success,55.0,6.0,0.36917310108087154
3999,card,Success,335.0,6.0,0.0325230762569513
3999,wire,Skipped - No transactions found,,,
3999,eft,Success,373.0,11.0,0.04902149977797375
3999,cheque,Success,157.0,11.0,0.15330611505180244
9141,abm,Success,43.0,5.0,0.5514012448082831
9141,emt,Success,174.0,12.0,0.22694091233703068
9141,card,Success,906.0,14.0,0.024170661634486855
9141,wire,Skipped - No transactions found,,,
9141,eft,Success,200.0,14.0,0.2044531489820374
9141,cheque,Success,221.0,12.0,0.1598126962653622
9953,abm,Success,260.0,26.0,0.7168085504040448
9953,emt,Success,1020.0,64.0,0.1937362092798897
9953,card,Success,3663.0,91.0,0.04580951860261751
9953,wire,Skipped - No transactions found,,,
9953,eft,Success,3875.0,96.0,0.04555053003076834
9953,cheque,Success,1808.0,88.0,0.08010632206079216
0311,abm,Success,36.0,4.0,0.9924159686735943
0311,emt,Success,430.0,22.0,0.14220650717283706
0311,card,Success,2416.0,38.0,0.02567261883700573
0311,wire,Success,8.0,1.0,0.6140785728809564
0311,eft,Success,1067.0,44.0,0.0837650751654093
0311,cheque,Success,1502.0,34.0,0.03482341391845871
4569,abm,Success,141.0,12.0,0.26955681803739145
4569,emt,Success,175.0,12.0,0.2299397690625127
4569,card,Success,947.0,18.0,0.02787063287180064
4569,wire,Success,5.0,1.0,0.37220359703077005
4569,eft,Success,693.0,20.0,0.049708516889818505
4569,cheque,Success,375.0,18.0,0.0992598478280289
6593,abm,Success,18.0,2.0,0.16992837679745654
6593,emt,Success,228.0,6.0,0.0539399772674812
6593,card,Success,811.0,9.0,0.012604036134438066
6593,wire,Success,2.0,1.0,0.8182453532324634
6593,eft,Success,435.0,11.0,0.06452571646554836
6593,cheque,Success,109.0,10.0,0.4441196023066353
6121,abm,Success,25.0,3.0,0.3395895771108136
6121,emt,Success,51.0,5.0,0.31399050012596863
6121,card,Success,490.0,9.0,0.027718747737754634
6121,wire,Skipped - No transactions found,,,
6121,eft,Success,424.0,9.0,0.0278718728406429
6121,cheque,Success,108.0,6.0,0.10824939260486724
0229,abm,Success,25.0,3.0,0.4715499846305981
0229,emt,Success,27.0,3.0,0.6400595744924451
0229,card,Success,235.0,8.0,0.08177749518075106
0229,wire,Skipped - No transactions found,,,
0229,eft,Success,84.0,6.0,0.18652419574305465
0229,cheque,Success,164.0,9.0,0.08626070354342812
6231,abm,Success,2.0,1.0,0.8362043548803313
6231,emt,Success,128.0,6.0,0.1348657351891025
6231,card,Success,456.0,7.0,0.022764902273439414
6231,wire,Skipped - No transactions found,,,
6231,eft,Success,198.0,10.0,0.12046776349005607
6231,cheque,Success,498.0,8.0,0.015931634265506357
9112,abm,Success,22.0,3.0,0.9320784713207917
9112,emt,Success,155.0,13.0,0.3181157079574036
9112,card,Success,600.0,14.0,0.04355693287549914
9112,wire,Success,5.0,1.0,0.8972509895513695
9112,eft,Success,2359.0,21.0,0.00499315597103167
9112,cheque,Success,397.0,18.0,0.06173325855079295
0211,abm,Success,71.0,7.0,0.8806869280952448
0211,emt,Success,565.0,42.0,0.1835443079819198
0211,card,Success,4543.0,58.0,0.017932993748652152
0211,wire,Success,7.0,0.0,1.0
0211,eft,Success,2368.0,77.0,0.05326161617986864
0211,cheque,Success,1394.0,56.0,0.07106226869422481
0231,abm,Success,3.0,1.0,0.9911382215623491
0231,emt,Success,24.0,3.0,0.3633542361504365
0231,card,Success,300.0,6.0,0.032344554595578424
0231,wire,Skipped - No transactions found,,,
0231,eft,Success,474.0,9.0,0.02861040879210494
0231,cheque,Success,52.0,6.0,0.3456635204846567
7731,abm,Success,162.0,17.0,0.510816594959447
7731,emt,Success,4255.0,82.0,0.03292908033730884
7731,card,Success,3987.0,90.0,0.03834385232506947
7731,wire,Success,22.0,3.0,0.9998055335644848
7731,eft,Success,4579.0,105.0,0.03531621179032605
7731,cheque,Success,1761.0,68.0,0.06819944770237985
6599,abm,Success,36.0,4.0,0.9356948833083873
6599,emt,Success,908.0,38.0,0.10982742873920288
6599,card,Success,3394.0,50.0,0.018044117494678956
6599,wire,Success,5.0,0.0,1.0
6599,eft,Success,2929.0,53.0,0.027071644063788824
6599,cheque,Success,861.0,33.0,0.07823066918367456
8651,abm,Success,470.0,47.0,0.7089604477966502
8651,emt,Success,4978.0,234.0,0.11544902295485446
8651,card,Success,16081.0,281.0,0.02767182318581985
8651,wire,Success,154.0,15.0,0.3401892799037391
8651,eft,Success,15855.0,399.0,0.04045317694604559
8651,cheque,Success,7308.0,325.0,0.08352530674592898
6532,abm,Success,14.0,2.0,0.46506418965784924
6532,emt,Success,51.0,3.0,0.09853214238254805
6532,card,Success,231.0,3.0,0.01153439289086826
6532,wire,Success,3.0,1.0,0.9210681230745021
6532,eft,Success,325.0,8.0,0.036532705357478365
6532,cheque,Success,33.0,4.0,0.7758294193929449
9639,abm,Success,34.0,4.0,0.7643989739211356
9639,emt,Success,112.0,10.0,0.36954812624075667
9639,card,Success,1168.0,19.0,0.0298502401346531
9639,wire,Skipped - No transactions found,,,
9639,eft,Success,2112.0,21.0,0.011029236000888981
9639,cheque,Success,346.0,21.0,0.13588652567539045
4226,abm,Success,70.0,0.0,1.0
4226,emt,Success,367.0,19.0,0.1654151538812069
4226,card,Success,1405.0,27.0,0.0318509939207847
4226,wire,Skipped - No transactions found,,,
4226,eft,Success,650.0,25.0,0.05660515990504905
4226,cheque,Success,644.0,28.0,0.07742887828576224
6412,abm,Success,35.0,4.0,0.47055754933298916
6412,emt,Success,219.0,12.0,0.1507911458393161
6412,card,Success,861.0,16.0,0.03764524731464125
6412,wire,Success,1.0,0.0,1.0
6412,eft,Success,472.0,18.0,0.06838774248370628
6412,cheque,Success,505.0,21.0,0.0871945419870941
4499,abm,Success,15.0,2.0,0.9980902198183969
4499,emt,Success,282.0,11.0,0.05294027498909654
4499,card,Success,1093.0,16.0,0.0246487000093906
4499,wire,Success,22.0,2.0,0.1645080782808538
4499,eft,Success,528.0,14.0,0.03173449923061516
4499,cheque,Success,225.0,16.0,0.140147212340916
4299,abm,Success,167.0,17.0,0.8818695974243624
4299,emt,Success,1915.0,56.0,0.05344974014136024
4299,card,Success,3815.0,86.0,0.04371012761437913
4299,wire,Success,15.0,2.0,0.8339235316138756
4299,eft,Success,3252.0,80.0,0.035583134020090244
4299,cheque,Success,2209.0,84.0,0.06273309240502518
7759,abm,Success,282.0,29.0,0.6327767904643526
7759,emt,Success,2259.0,110.0,0.12386096327358986
7759,card,Success,9115.0,133.0,0.020916446205054645
7759,wire,Success,782.0,32.0,0.034084985646308893
7759,eft,Success,14542.0,167.0,0.008191385424529367
7759,cheque,Success,3685.0,135.0,0.05776770097368718
5999,abm,Success,42.0,5.0,0.6525372823444571
5999,emt,Success,443.0,18.0,0.11794893468326136
5999,card,Success,1499.0,28.0,0.04351312292071458
5999,wire,Success,3.0,1.0,0.9289102815773356
5999,eft,Success,1096.0,37.0,0.05699332765819072
5999,cheque,Success,661.0,28.0,0.08361091666431886
8641,abm,Success,117.0,12.0,0.5554865577715181
8641,emt,Success,1722.0,28.0,0.020108465649365644
8641,card,Success,1248.0,34.0,0.049056982754039864
8641,wire,Success,3.0,1.0,0.7641691536511254
8641,eft,Success,2732.0,44.0,0.018626728720290715
8641,cheque,Success,573.0,38.0,0.12497707532294143
6031,abm,Success,548.0,30.0,0.11259934589683264
6031,emt,Success,1591.0,76.0,0.12535997071054256
6031,card,Success,7333.0,122.0,0.025993933789110364
6031,wire,Success,3.0,0.0,1.0
6031,eft,Success,7138.0,111.0,0.018159367082034118
6031,cheque,Success,2755.0,97.0,0.05661034259145277
4821,abm,Success,21.0,2.0,0.57145305590786
4821,emt,Success,125.0,10.0,0.2470714984920323
4821,card,Success,471.0,7.0,0.028774949698358337
4821,wire,Skipped - No transactions found,,,
4821,eft,Success,432.0,17.0,0.07926561826669547
4821,cheque,Success,102.0,11.0,0.24618801481044164
4589,abm,Success,21.0,2.0,0.796256724687792
4589,emt,Success,163.0,8.0,0.10968665126769903
4589,card,Success,697.0,9.0,0.014430818078596785
4589,wire,Skipped - No transactions found,,,
4589,eft,Success,203.0,8.0,0.10194550384978879
4589,cheque,Success,246.0,8.0,0.050711160485036585
0219,abm,Success,11.0,1.0,0.7250118445483065
0219,emt,Success,134.0,13.0,0.3022122715353069
0219,card,Success,1555.0,17.0,0.01666260020806906
0219,wire,Success,14.0,2.0,0.5562696487382417
0219,eft,Success,626.0,19.0,0.042402928424626986
0219,cheque,Success,983.0,20.0,0.015970999978836664
8599,abm,Success,176.0,12.0,0.1273691807160166
8599,emt,Success,583.0,34.0,0.142858314933464
8599,card,Success,1903.0,48.0,0.05452412069562242
8599,wire,Success,4.0,0.0,1.0
8599,eft,Success,2150.0,54.0,0.037519108715503985
8599,cheque,Success,741.0,44.0,0.10258808784442822
4581,abm,Success,51.0,5.0,0.24450804944335594
4581,emt,Success,94.0,9.0,0.2410733148686237
4581,card,Success,846.0,16.0,0.030359928763053906
4581,wire,Skipped - No transactions found,,,
4581,eft,Success,419.0,15.0,0.06677929280175317
4581,cheque,Success,65.0,7.0,0.4250220815920869
6581,abm,Success,22.0,3.0,0.5013448254565702
6581,emt,Success,229.0,8.0,0.05016499987958877
6581,card,Success,533.0,12.0,0.03373175055480663
6581,wire,Success,4.0,1.0,0.8868697378887028
6581,eft,Success,610.0,18.0,0.054629563021308135
6581,cheque,Success,256.0,11.0,0.04875619254197448
8669,abm,Success,53.0,6.0,0.2833614054249883
8669,emt,Success,560.0,27.0,0.12765250855359342
8669,card,Success,1322.0,33.0,0.040832395263079885
8669,wire,Success,1.0,0.0,1.0
8669,eft,Success,1167.0,35.0,0.05539267872322646
8669,cheque,Success,812.0,25.0,0.046229040494671816
4214,abm,Success,77.0,8.0,0.942366117603731
4214,emt,Success,337.0,23.0,0.1987277529970082
4214,card,Success,1998.0,35.0,0.019729650244702412
4214,wire,Skipped - No transactions found,,,
4214,eft,Success,1374.0,38.0,0.04404503808859964
4214,cheque,Success,758.0,32.0,0.06799108509712444
4011,abm,Success,75.0,8.0,0.9583984109803747
4011,emt,Success,674.0,31.0,0.11083946913055387
4011,card,Success,3496.0,48.0,0.017662142142664074
4011,wire,Success,52.0,5.0,0.09954773724003896
4011,eft,Success,2477.0,49.0,0.029400580836286775
4011,cheque,Success,1282.0,40.0,0.05931282519961067
9861,abm,Success,163.0,17.0,0.6093654297186034
9861,emt,Success,767.0,51.0,0.2054535016997567
9861,card,Success,4257.0,67.0,0.024763819536870783
9861,wire,Success,31.0,3.0,0.4566945685579939
9861,eft,Success,3556.0,77.0,0.030611683352787793
9861,cheque,Success,1288.0,91.0,0.17268330443766147
0122,abm,Success,10.0,0.0,1.0
0122,emt,Success,278.0,10.0,0.07736068627944193
0122,card,Success,1415.0,23.0,0.02796662239668409
0122,wire,Skipped - No transactions found,,,
0122,eft,Success,879.0,24.0,0.04931551297774467
0122,cheque,Success,390.0,16.0,0.07099485965787886
4021,abm,Success,102.0,4.0,0.08427228275095384
4021,emt,Success,85.0,6.0,0.13942446617754686
4021,card,Success,824.0,11.0,0.01828432419827568
4021,wire,Skipped - No transactions found,,,
4021,eft,Success,182.0,8.0,0.09703475604642846
4021,cheque,Success,110.0,11.0,0.5374069270257471
6561,abm,Success,24.0,3.0,0.7091659835636311
6561,emt,Success,127.0,7.0,0.1233405479382606
6561,card,Success,1189.0,15.0,0.01612082051341586
6561,wire,Success,2.0,0.0,1.0
6561,eft,Success,209.0,12.0,0.13096701447398607
6561,cheque,Success,206.0,12.0,0.10611992552864828
7421,abm,Success,3.0,1.0,0.902468593305122
7421,emt,Success,75.0,6.0,0.16569667554445736
7421,card,Success,864.0,9.0,0.01683809566605231
7421,wire,Success,8.0,1.0,0.48902447681282557
7421,eft,Success,1004.0,12.0,0.007063412072818649
7421,cheque,Success,96.0,8.0,0.2832736782467937
9999,abm,Success,110.0,11.0,0.7119658483696388
9999,emt,Success,714.0,34.0,0.12631038573710412
9999,card,Success,2062.0,48.0,0.04175550920157925
9999,wire,Success,27.0,0.0,1.0
9999,eft,Success,1331.0,49.0,0.04938946874716386
9999,cheque,Success,1190.0,63.0,0.11963444676836803
9611,abm,Success,72.0,6.0,0.21111286259870918
9611,emt,Success,338.0,19.0,0.1270221061940975
9611,card,Success,1868.0,29.0,0.025148422339724193
9611,wire,Success,1.0,0.0,1.0
9611,eft,Success,1599.0,33.0,0.020345592115176836
9611,cheque,Success,540.0,27.0,0.11176925919412681
0919,abm,Success,56.0,0.0,1.0
0919,emt,Success,616.0,36.0,0.1411922467023577
0919,card,Success,4435.0,55.0,0.01836876262716971
0919,wire,Success,19.0,2.0,0.796477014668876
0919,eft,Success,1216.0,50.0,0.08920552349750593
0919,cheque,Success,1244.0,40.0,0.05684987966226157
0141,abm,Success,96.0,9.0,0.4181109934238807
0141,emt,Success,293.0,14.0,0.13085581408871058
0141,card,Success,3023.0,39.0,0.017203311577129912
0141,wire,Success,1.0,0.0,1.0
0141,eft,Success,2372.0,43.0,0.01505461007149272
0141,cheque,Success,758.0,47.0,0.14788822080586358
4411,abm,Success,111.0,11.0,0.7044070861217784
4411,emt,Success,617.0,28.0,0.10450971542466134
4411,card,Success,3172.0,48.0,0.020517311938707202
4411,wire,Success,5.0,0.0,1.0
4411,eft,Success,1333.0,51.0,0.0675266980258187
4411,cheque,Success,647.0,42.0,0.18436876168077526
7749,abm,Success,100.0,10.0,0.693900168110562
7749,emt,Success,943.0,52.0,0.13751323171124608
7749,card,Success,3722.0,67.0,0.02626049593184088
7749,wire,Success,24.0,3.0,0.9882817699217172
7749,eft,Success,2221.0,65.0,0.05045644569575975
7749,cheque,Success,1255.0,54.0,0.07427148560364151
6012,abm,Success,119.0,12.0,0.6050186921067537
6012,emt,Success,800.0,34.0,0.10373921011750381
6012,card,Success,2576.0,47.0,0.030044787774062706
6012,wire,Skipped - No transactions found,,,
6012,eft,Success,1300.0,55.0,0.10292389782304193
6012,cheque,Success,890.0,42.0,0.07952274069128111
9839,abm,Success,23.0,3.0,0.8918259222738731
9839,emt,Success,208.0,12.0,0.14527259714135438
9839,card,Success,311.0,9.0,0.0588519233625427
9839,wire,Skipped - No transactions found,,,
9839,eft,Success,463.0,17.0,0.06528693007136929
9839,cheque,Success,550.0,17.0,0.05070305746797025
6351,abm,Success,204.0,21.0,0.6125468141989802
6351,emt,Success,886.0,54.0,0.15027754291601514
6351,card,Success,3821.0,80.0,0.0376197954666304
6351,wire,Success,10.0,0.0,1.0
6351,eft,Success,3162.0,79.0,0.03600897585738876
6351,cheque,Success,1295.0,67.0,0.1174886019186085
7751,abm,Success,8.0,0.0,1.0
7751,emt,Success,397.0,27.0,0.20007204629787237
7751,card,Success,1322.0,37.0,0.044050066312011596
7751,wire,Success,8.0,0.0,1.0
7751,eft,Success,1115.0,40.0,0.05621648835185984
7751,cheque,Success,684.0,27.0,0.0796727585072922
6232,abm,Success,14.0,2.0,0.4995448148082166
6232,emt,Success,68.0,4.0,0.1551784301144954
6232,card,Success,99.0,7.0,0.13535417297815994
6232,wire,Skipped - No transactions found,,,
6232,eft,Success,313.0,6.0,0.01252007057785621
6232,cheque,Success,176.0,6.0,0.05651466277408243
7599,abm,Success,139.0,14.0,0.6761007995735614
7599,emt,Success,1000.0,51.0,0.1311031208420766
7599,card,Success,2124.0,53.0,0.036133170723472004
7599,wire,Success,8.0,1.0,0.7602359630696973
7599,eft,Success,3445.0,79.0,0.02862248973351084
7599,cheque,Success,1345.0,63.0,0.10178215796179407
6239,abm,Success,13.0,2.0,0.39066594028069634
6239,emt,Success,271.0,5.0,0.013822573052020266
6239,card,Success,150.0,5.0,0.04786779352892255
6239,wire,Skipped - No transactions found,,,
6239,eft,Success,284.0,9.0,0.07586327011525522
6239,cheque,Success,245.0,10.0,0.06798194388084515
7211,abm,Success,9.0,0.0,1.0
7211,emt,Success,419.0,13.0,0.05498374636468779
7211,card,Success,845.0,11.0,0.018696701202786808
7211,wire,Success,3.0,1.0,0.6711087786435063
7211,eft,Success,317.0,19.0,0.13066021434771213
7211,cheque,Success,183.0,10.0,0.09909750092730889
9961,abm,Success,72.0,4.0,0.08995525042729394
9961,emt,Success,107.0,8.0,0.25974649474502837
9961,card,Success,326.0,10.0,0.05480294961430239
9961,wire,Success,11.0,1.0,0.6924088485625082
9961,eft,Success,146.0,11.0,0.22876555228227682
9961,cheque,Success,267.0,13.0,0.0773918033658574
4219,abm,Success,145.0,0.0,1.0
4219,emt,Success,648.0,43.0,0.2099061253928624
4219,card,Success,4803.0,73.0,0.022690179627840618
4219,wire,Success,1.0,0.0,1.0
4219,eft,Success,1813.0,67.0,0.07388990541135962
4219,cheque,Success,1975.0,63.0,0.04865984899287269
9212,abm,Success,92.0,10.0,0.8157496623923611
9212,emt,Success,720.0,38.0,0.1435891858447099
9212,card,Success,3490.0,54.0,0.019449911834384027
9212,wire,Success,3.0,1.0,0.996622687316414
9212,eft,Success,3334.0,71.0,0.03199411669397823
9212,cheque,Success,1766.0,56.0,0.053059404265344716
5919,abm,Success,61.0,2.0,0.06322293752101911
5919,emt,Success,99.0,6.0,0.062307186939197845
5919,card,Success,440.0,7.0,0.016503948428078646
5919,wire,Success,4.0,0.0,1.0
5919,eft,Success,139.0,10.0,0.20924137315398297
5919,cheque,Success,220.0,8.0,0.057381753222348446
9741,abm,Success,21.0,2.0,0.4083369655664303
9741,emt,Success,42.0,4.0,0.33440116460776714
9741,card,Success,123.0,6.0,0.10100224485705074
9741,wire,Skipped - No transactions found,,,
9741,eft,Success,98.0,7.0,0.14284727372619965
9741,cheque,Success,17.0,0.0,1.0
9959,abm,Success,96.0,10.0,0.7531739167306317
9959,emt,Success,1098.0,26.0,0.05695107659983113
9959,card,Success,1822.0,35.0,0.033965746394022236
9959,wire,Success,10.0,0.0,1.0
9959,eft,Success,1153.0,44.0,0.06865628237961854
9959,cheque,Success,2235.0,41.0,0.017594656148186578
7739,abm,Success,166.0,17.0,0.49734739842758513
7739,emt,Success,1087.0,57.0,0.131418008454382
7739,card,Success,3127.0,65.0,0.03414871356327367
7739,wire,Success,9.0,1.0,0.9040632993872304
7739,eft,Success,4296.0,81.0,0.023436828975668712
7739,cheque,Success,2335.0,65.0,0.0442904429243733
6413,abm,Success,12.0,1.0,0.31561961557046625
6413,emt,Success,186.0,12.0,0.09131505121921463
6413,card,Success,714.0,12.0,0.033978320862282724
6413,wire,Success,66.0,2.0,0.04330805033207207
6413,eft,Success,735.0,17.0,0.04190138660763555
6413,cheque,Success,198.0,11.0,0.13187659604719784
9614,abm,Success,25.0,3.0,0.4506910644428873
9614,emt,Success,92.0,6.0,0.1446776746072559
9614,card,Success,1276.0,10.0,0.006170577360087512
9614,wire,Skipped - No transactions found,,,
9614,eft,Success,258.0,14.0,0.13072534955747758
9614,cheque,Success,198.0,10.0,0.1376099751910908
6921,abm,Success,44.0,5.0,0.9426248311370535
6921,emt,Success,713.0,27.0,0.0865691607919075
6921,card,Success,2341.0,40.0,0.025099455738355973
6921,wire,Success,9.0,0.0,1.0
6921,eft,Success,1022.0,35.0,0.05940209364039438
6921,cheque,Success,1094.0,25.0,0.03347495501909067
9213,abm,Success,11.0,0.0,1.0
9213,emt,Success,431.0,19.0,0.11684001364866313
9213,card,Success,1033.0,28.0,0.04649948264300581
9213,wire,Skipped - No transactions found,,,
9213,eft,Success,1961.0,39.0,0.018639801252041253
9213,cheque,Success,1241.0,27.0,0.03686789190599884
6331,abm,Success,131.0,13.0,0.4896106359352285
6331,emt,Success,605.0,26.0,0.09724581642750464
6331,card,Success,3194.0,51.0,0.026334584212385572
6331,wire,Skipped - No transactions found,,,
6331,eft,Success,2972.0,43.0,0.016001841574320302
6331,cheque,Success,1160.0,43.0,0.06240369909318029
7299,abm,Success,2.0,1.0,0.7176406443103573
7299,emt,Success,47.0,3.0,0.16373192574708215
7299,card,Success,301.0,5.0,0.03450167335545958
7299,wire,Skipped - No transactions found,,,
7299,eft,Success,265.0,11.0,0.04352770737440371
7299,cheque,Success,125.0,9.0,0.19885139156268788
3099,abm,Success,48.0,5.0,0.6316558375958166
3099,emt,Success,258.0,15.0,0.1676035623939079
3099,card,Success,438.0,15.0,0.05235604836180828
3099,wire,Success,4.0,1.0,0.6564890266727192
3099,eft,Success,803.0,17.0,0.02861520080670472
3099,cheque,Success,338.0,15.0,0.08219447872291834
9799,abm,Success,142.0,15.0,0.8155444425016287
9799,emt,Success,1362.0,39.0,0.05761527995679539
9799,card,Success,3543.0,50.0,0.020735919687757787
9799,wire,Success,5.0,1.0,0.6954204206670469
9799,eft,Success,1940.0,51.0,0.040694638446278915
9799,cheque,Success,1655.0,61.0,0.05884284057772439
4012,abm,Success,19.0,2.0,0.693561269494239
4012,emt,Success,47.0,5.0,0.4702032748751143
4012,card,Success,791.0,18.0,0.04540323488179972
4012,wire,Skipped - No transactions found,,,
4012,eft,Success,612.0,12.0,0.015637091033003578
4012,cheque,Success,201.0,9.0,0.08503478162385775
5731,abm,Success,8.0,1.0,0.5052437482303664
5731,emt,Success,64.0,3.0,0.13778271214649224
5731,card,Success,374.0,6.0,0.02429656740440218
5731,wire,Success,5.0,1.0,0.43411726315731197
5731,eft,Success,168.0,9.0,0.12952963426131858
5731,cheque,Success,192.0,5.0,0.05650836453396115
8699,abm,Success,64.0,1.0,0.028248516650954555
8699,emt,Success,76.0,4.0,0.17577925843726994
8699,card,Success,541.0,7.0,0.020970900098241808
8699,wire,Skipped - No transactions found,,,
8699,eft,Success,53.0,5.0,0.23259832813866355
8699,cheque,Success,75.0,8.0,0.3396390588116985
5961,abm,Success,12.0,2.0,0.9299597608913082
5961,emt,Success,16.0,2.0,0.4736624615594704
5961,card,Success,518.0,8.0,0.015156717999877108
5961,wire,Success,1.0,0.0,1.0
5961,eft,Success,276.0,11.0,0.08797074813224717
5961,cheque,Success,176.0,7.0,0.03706625802646486
0119,abm,Success,33.0,4.0,0.4080628269148157
0119,emt,Success,63.0,7.0,0.2674950315586865
0119,card,Success,559.0,11.0,0.02173451265780643
0119,wire,Success,7.0,1.0,0.53821357348736
0119,eft,Success,538.0,10.0,0.018995603285113766
0119,cheque,Success,328.0,11.0,0.08457615356213079
4564,abm,Success,55.0,5.0,0.31005983752848215
4564,emt,Success,38.0,3.0,0.2864548575151568
4564,card,Success,106.0,8.0,0.08582222439045536
4564,wire,Success,1.0,0.0,1.0
4564,eft,Success,72.0,6.0,0.12716808199030294
4564,cheque,Success,215.0,7.0,0.05232773602057304
0171,abm,Success,44.0,5.0,0.27167969398098923
0171,emt,Success,323.0,17.0,0.11943186579699533
0171,card,Success,784.0,16.0,0.032964804200881256
0171,wire,Success,2.0,0.0,1.0
0171,eft,Success,1160.0,26.0,0.03428485082339867
0171,cheque,Success,396.0,21.0,0.1101856231843979
8521,abm,Success,12.0,2.0,0.8385277269673095
8521,emt,Success,74.0,4.0,0.14854378430444837
8521,card,Success,506.0,7.0,0.018470080863088628
8521,wire,Skipped - No transactions found,,,
8521,eft,Success,191.0,7.0,0.08151138033440061
8521,cheque,Success,70.0,6.0,0.3707134468964212
7741,abm,Success,19.0,2.0,0.7777113578138342
7741,emt,Success,113.0,10.0,0.4606036757818873
7741,card,Success,764.0,19.0,0.044238166779482
7741,wire,Success,5.0,0.0,1.0
7741,eft,Success,584.0,20.0,0.057485395303200834
7741,cheque,Success,623.0,14.0,0.01834642331917723
4233,abm,Success,54.0,6.0,0.9366229678293154
4233,emt,Success,401.0,17.0,0.1075201905501791
4233,card,Success,1442.0,26.0,0.029007881704500246
4233,wire,Skipped - No transactions found,,,
4233,eft,Success,454.0,21.0,0.08697351940807567
4233,cheque,Success,631.0,17.0,0.031940950790563964
9942,abm,Success,175.0,9.0,0.11607241804888052
9942,emt,Success,297.0,15.0,0.14150239403511775
9942,card,Success,1305.0,23.0,0.031036658392769062
9942,wire,Skipped - No transactions found,,,
9942,eft,Success,704.0,22.0,0.06082347762788663
9942,cheque,Success,676.0,25.0,0.05749160011063541
6596,abm,Success,17.0,2.0,0.6608011364704013
6596,emt,Success,411.0,20.0,0.12032538063107771
6596,card,Success,1409.0,26.0,0.022888420293178748
6596,wire,Skipped - No transactions found,,,
6596,eft,Success,1437.0,33.0,0.036944361480266
6596,cheque,Success,494.0,19.0,0.05706456148869874
9641,abm,Success,24.0,3.0,0.43921495983247005
9641,emt,Success,373.0,13.0,0.05389544568112674
9641,card,Success,1445.0,16.0,0.017579807813150616
9641,wire,Success,4.0,0.0,1.0
9641,eft,Success,360.0,18.0,0.09576124488724357
9641,cheque,Success,396.0,15.0,0.09457683614201584
8667,abm,Success,6.0,1.0,0.43150876164351054
8667,emt,Success,162.0,7.0,0.07169307212269196
8667,card,Success,281.0,7.0,0.056581435975917874
8667,wire,Skipped - No transactions found,,,
8667,eft,Success,86.0,8.0,0.28949914271501265
8667,cheque,Success,213.0,7.0,0.03206235911334421
0159,abm,Success,16.0,2.0,0.7758640158631814
0159,emt,Success,220.0,9.0,0.12899680300899738
0159,card,Success,769.0,16.0,0.027702935360451122
0159,wire,Skipped - No transactions found,,,
0159,eft,Success,686.0,12.0,0.01219027467994186
0159,cheque,Success,238.0,9.0,0.07011435417244415
4241,abm,Success,188.0,19.0,0.5348159512527351
4241,emt,Success,796.0,36.0,0.08857382315021839
4241,card,Success,3490.0,68.0,0.0320913966641439
4241,wire,Success,2.0,1.0,0.5482337488196881
4241,eft,Success,3111.0,55.0,0.019127346499742168
4241,cheque,Success,1962.0,58.0,0.05173908196212615
7711,abm,Success,28.0,3.0,0.7517447668058392
7711,emt,Success,425.0,15.0,0.08961515022648855
7711,card,Success,1649.0,19.0,0.014818523970689244
7711,wire,Skipped - No transactions found,,,
7711,eft,Success,445.0,20.0,0.0849976115530109
7711,cheque,Success,394.0,19.0,0.09104641047956384
9911,abm,Success,20.0,2.0,0.11560513804311062
9911,emt,Success,345.0,12.0,0.074806017520289
9911,card,Success,1077.0,14.0,0.022674679385160844
9911,wire,Success,3.0,1.0,0.95327923319514
9911,eft,Success,191.0,11.0,0.1523086183305683
9911,cheque,Success,340.0,14.0,0.07212773925753928
9951,abm,Success,27.0,3.0,0.6481698237765295
9951,emt,Success,117.0,8.0,0.19908416813848653
9951,card,Success,655.0,14.0,0.024397678451007845
9951,wire,Skipped - No transactions found,,,
9951,eft,Success,852.0,10.0,0.00897271209570737
9951,cheque,Success,354.0,7.0,0.016211939451781798
4236,abm,Success,20.0,2.0,0.8205383348056631
4236,emt,Success,156.0,8.0,0.0833891673484424
4236,card,Success,476.0,11.0,0.03203219960442624
4236,wire,Success,15.0,1.0,0.15208677195324335
4236,eft,Success,69.0,7.0,0.45029771269904717
4236,cheque,Success,300.0,10.0,0.054224886574547916
3244,abm,Success,17.0,2.0,0.8549891667612819
3244,emt,Success,128.0,9.0,0.17144760522588734
3244,card,Success,897.0,17.0,0.02937532550239343
3244,wire,Success,1.0,0.0,1.0
3244,eft,Success,266.0,18.0,0.22519613724112175
3244,cheque,Success,297.0,15.0,0.09842869894610082
0132,abm,Success,5.0,1.0,0.3008669410150892
0132,emt,Success,123.0,4.0,0.03095777996079111
0132,card,Success,161.0,5.0,0.05965638273960128
0132,wire,Skipped - No transactions found,,,
0132,eft,Success,301.0,8.0,0.03977524052796134
0132,cheque,Success,33.0,4.0,0.9137414171525764
8639,abm,Success,87.0,6.0,0.07940848714902174
8639,emt,Success,274.0,8.0,0.07433468450784583
8639,card,Success,125.0,10.0,0.2943669269095153
8639,wire,Skipped - No transactions found,,,
8639,eft,Success,258.0,12.0,0.08082200192488667
8639,cheque,Success,103.0,10.0,0.3213721663190991
3299,abm,Success,30.0,3.0,0.7040108964249244
3299,emt,Success,95.0,6.0,0.190650826149173
3299,card,Success,767.0,7.0,0.015968132238713417
3299,wire,Success,2.0,1.0,0.7071642580592202
3299,eft,Success,755.0,9.0,0.013927810670451067
3299,cheque,Success,85.0,7.0,0.3236526048701637
6521,abm,Success,4.0,0.0,1.0
6521,emt,Success,141.0,11.0,0.2975193661453271
6521,card,Success,945.0,14.0,0.022169023891272018
6521,wire,Success,3.0,1.0,0.9445908391975508
6521,eft,Success,574.0,18.0,0.07043836761759069
6521,cheque,Success,282.0,17.0,0.14858625301632072
9693,abm,Success,60.0,6.0,0.5269888722921469
9693,emt,Success,352.0,20.0,0.13000774453723116
9693,card,Success,597.0,21.0,0.05689243682991303
9693,wire,Success,1.0,0.0,1.0
9693,eft,Success,826.0,23.0,0.05490081844502517
9693,cheque,Success,389.0,17.0,0.07122859744152088
4277,abm,Success,30.0,3.0,0.9122674879668746
4277,emt,Success,157.0,10.0,0.21604230780406122
4277,card,Success,635.0,16.0,0.03203447238340427
4277,wire,Skipped - No transactions found,,,
4277,eft,Success,424.0,13.0,0.04467251551640363
4277,cheque,Success,975.0,15.0,0.019709322167931993
6592,abm,Success,14.0,2.0,0.9636767046472654
6592,emt,Success,294.0,12.0,0.08669765059557348
6592,card,Success,409.0,12.0,0.05509955515181768
6592,wire,Skipped - No transactions found,,,
6592,eft,Success,478.0,13.0,0.03130307844121099
6592,cheque,Success,144.0,9.0,0.18182156973241043
0929,abm,Success,14.0,2.0,0.37200182899596657
0929,emt,Success,18.0,2.0,0.6161803232943646
0929,card,Success,391.0,8.0,0.03852684882708605
0929,wire,Success,4.0,1.0,0.5594056761312933
0929,eft,Success,217.0,8.0,0.07971928780819784
0929,cheque,Success,225.0,6.0,0.019385393034494713
7742,abm,Success,12.0,2.0,0.9664202623014212
7742,emt,Success,233.0,19.0,0.31209615415237635
7742,card,Success,1052.0,19.0,0.023258831814186753
7742,wire,Success,18.0,2.0,0.4403454885827347
7742,eft,Success,382.0,25.0,0.16007949145388545
7742,cheque,Success,596.0,17.0,0.036873797109152444
0412,abm,Success,31.0,3.0,0.7740269628112734
0412,emt,Success,395.0,15.0,0.0840889182296185
0412,card,Success,622.0,20.0,0.05448266572587143
0412,wire,Skipped - No transactions found,,,
0412,eft,Success,626.0,18.0,0.05613706835167032
0412,cheque,Success,167.0,13.0,0.2369914072270331
4842,abm,Success,44.0,5.0,0.6482066822722061
4842,emt,Success,208.0,13.0,0.2173509656844716
4842,card,Success,482.0,20.0,0.08075776413006866
4842,wire,Success,42.0,3.0,0.12121960961808394
4842,eft,Success,1876.0,26.0,0.007568866898090996
4842,cheque,Success,222.0,12.0,0.12463862378983775
4261,abm,Success,308.0,29.0,0.2640390804145221
4261,emt,Success,921.0,61.0,0.1561202811237109
4261,card,Success,4225.0,85.0,0.03159303906602325
4261,wire,Success,6.0,1.0,0.4568242824633756
4261,eft,Success,2432.0,81.0,0.06420566671851151
4261,cheque,Success,2205.0,73.0,0.053801525184578564
6582,abm,Success,53.0,6.0,0.7370244701745519
6582,emt,Success,338.0,23.0,0.15608316897742605
6582,card,Success,1539.0,31.0,0.02601844367215798
6582,wire,Success,2.0,1.0,0.5160417496576254
6582,eft,Success,2188.0,37.0,0.02268311410404178
6582,cheque,Success,604.0,31.0,0.14189421236235392
4278,abm,Success,42.0,5.0,0.5978330686240894
4278,emt,Success,124.0,10.0,0.1922379580973044
4278,card,Success,1325.0,18.0,0.015548320602545306
4278,wire,Success,2.0,0.0,1.0
4278,eft,Success,453.0,16.0,0.0580147094717773
4278,cheque,Success,261.0,20.0,0.2053648865794361
5981,abm,Success,5.0,1.0,0.7360081843914952
5981,emt,Success,121.0,4.0,0.06369208173449144
5981,card,Success,292.0,9.0,0.059000731023487255
5981,wire,Success,37.0,1.0,0.03673172858164212
5981,eft,Success,288.0,10.0,0.06386738379460652
5981,cheque,Success,199.0,8.0,0.03833469836530922
0129,abm,Success,34.0,4.0,0.9265359378379954
0129,emt,Success,92.0,10.0,0.36156990625305313
0129,card,Success,947.0,17.0,0.033377975498768794
0129,wire,Skipped - No transactions found,,,
0129,eft,Success,666.0,19.0,0.039709067241080705
0129,cheque,Success,270.0,18.0,0.15312009849709907
3199,abm,Success,24.0,3.0,0.3086602540915576
3199,emt,Success,73.0,7.0,0.29855214670006264
3199,card,Success,460.0,14.0,0.054899129112346214
3199,wire,Success,4.0,1.0,0.4676280836400658
3199,eft,Success,570.0,11.0,0.0281000536670943
3199,cheque,Success,367.0,11.0,0.04206111434708045
4272,abm,Success,74.0,8.0,0.5365317661476763
4272,emt,Success,330.0,23.0,0.19304821884752726
4272,card,Success,2012.0,38.0,0.025772551762436993
4272,wire,Success,5.0,1.0,0.4930448311139223
4272,eft,Success,1120.0,36.0,0.04823121352935803
4272,cheque,Success,951.0,42.0,0.05787407261419731
8666,abm,Success,101.0,9.0,0.302813217472173
8666,emt,Success,941.0,30.0,0.06534096253426373
8666,card,Success,1164.0,31.0,0.03764173758687712
8666,wire,Success,5.0,0.0,1.0
8666,eft,Success,7844.0,42.0,0.00045842854642886324
8666,cheque,Success,690.0,37.0,0.1061152742913565
4119,abm,Success,59.0,5.0,0.22477385156466329
4119,emt,Success,95.0,8.0,0.28601729709781915
4119,card,Success,375.0,13.0,0.037500620907908115
4119,wire,Success,3.0,1.0,0.7634971363238463
4119,eft,Success,728.0,14.0,0.01779177608132333
4119,cheque,Success,160.0,12.0,0.2146997006291144
7791,abm,Success,22.0,3.0,0.33061325933154423
7791,emt,Success,797.0,9.0,0.006315283759097869
7791,card,Success,975.0,17.0,0.024229668195533526
7791,wire,Success,2.0,1.0,0.7735259713382482
7791,eft,Success,240.0,10.0,0.09033500088746305
7791,cheque,Success,96.0,6.0,0.18197245441776305
8665,abm,Success,71.0,7.0,0.9655788950545944
8665,emt,Success,492.0,34.0,0.1971557131448183
8665,card,Success,2765.0,47.0,0.02376534034522966
8665,wire,Skipped - No transactions found,,,
8665,eft,Success,2046.0,61.0,0.06132990571966131
8665,cheque,Success,1083.0,49.0,0.09322135896305765
9214,abm,Success,32.0,4.0,0.6105844332250969
9214,emt,Success,91.0,9.0,0.5524350111794544
9214,card,Success,614.0,17.0,0.058506113535115804
9214,wire,Success,5.0,0.0,1.0
9214,eft,Success,597.0,19.0,0.07541860929993172
9214,cheque,Success,481.0,22.0,0.08900330591594834
7512,abm,Success,50.0,5.0,0.5894365017404269
7512,emt,Success,507.0,28.0,0.16592469358598683
7512,card,Success,1904.0,29.0,0.018242815999464798
7512,wire,Success,34.0,4.0,0.37516184116981405
7512,eft,Success,1584.0,48.0,0.04833629687632689
7512,cheque,Success,1115.0,46.0,0.06919361028000322
6541,abm,Success,43.0,3.0,0.14869026685562428
6541,emt,Success,202.0,13.0,0.15741381729991763
6541,card,Success,432.0,15.0,0.049013972994771955
6541,wire,Success,17.0,1.0,0.2033964371847038
6541,eft,Success,1028.0,14.0,0.008184692198191628
6541,cheque,Success,392.0,15.0,0.046245051495270736
6211,abm,Success,1.0,0.0,1.0
6211,emt,Success,140.0,9.0,0.15298746438414887
6211,card,Success,720.0,10.0,0.02806236535109559
6211,wire,Skipped - No transactions found,,,
6211,eft,Success,723.0,12.0,0.01613894306007869
6211,cheque,Success,110.0,8.0,0.31793476785825164
8635,abm,Success,1.0,0.0,1.0
8635,emt,Success,168.0,6.0,0.09443651002411588
8635,card,Success,49.0,4.0,0.16633172487751405
8635,wire,Success,3.0,1.0,0.63266581265237
8635,eft,Success,637.0,9.0,0.020546415952326917
8635,cheque,Success,326.0,7.0,0.02965082327646943
6359,abm,Success,156.0,14.0,0.23796270664619107
6359,emt,Success,1141.0,30.0,0.05858847130080855
6359,card,Success,1784.0,41.0,0.04602255648585345
6359,wire,Success,2.0,0.0,1.0
6359,eft,Success,1825.0,35.0,0.028531370967082373
6359,cheque,Success,865.0,32.0,0.06695791112455157
9221,abm,Success,39.0,4.0,0.5184545187725067
9221,emt,Success,160.0,11.0,0.2820284818214864
9221,card,Success,846.0,18.0,0.021527998306340636
9221,wire,Success,1.0,0.0,1.0
9221,eft,Success,638.0,17.0,0.03709657190909747
9221,cheque,Success,269.0,17.0,0.1492183102194145
0131,abm,Success,12.0,2.0,0.513023990380517
0131,emt,Success,259.0,5.0,0.05000102184103768
0131,card,Success,498.0,9.0,0.03040295122408726
0131,wire,Skipped - No transactions found,,,
0131,eft,Success,376.0,10.0,0.025546634748096323
0131,cheque,Success,142.0,9.0,0.09718455946343488
6399,abm,Success,47.0,5.0,0.6507651542217551
6399,emt,Success,211.0,11.0,0.1300518424231037
6399,card,Success,602.0,13.0,0.02815400159613875
6399,wire,Skipped - No transactions found,,,
6399,eft,Success,1337.0,14.0,0.008054743205604413
6399,cheque,Success,268.0,13.0,0.08802883787120949
5219,abm,Success,11.0,1.0,0.9666792460674715
5219,emt,Success,213.0,6.0,0.08887198805026503
5219,card,Success,347.0,8.0,0.02961807268614658
5219,wire,Success,8.0,1.0,0.6168630302831585
5219,eft,Success,291.0,11.0,0.047982276369569525
5219,cheque,Success,324.0,11.0,0.07064267430434061
4491,abm,Success,5.0,0.0,1.0
4491,emt,Success,308.0,6.0,0.03884182948747005
4491,card,Success,356.0,11.0,0.04463125489708561
4491,wire,Skipped - No transactions found,,,
4491,eft,Success,172.0,11.0,0.1200168540287118
4491,cheque,Success,424.0,11.0,0.03157733489234793
8132,abm,Success,38.0,3.0,0.33648509818929606
8132,emt,Success,332.0,7.0,0.03694708562115278
8132,card,Success,916.0,8.0,0.00735689543426019
8132,wire,Success,70.0,2.0,0.029087428067750356
8132,eft,Success,411.0,12.0,0.041697194559082065
8132,cheque,Success,193.0,7.0,0.07145375630017421
7214,abm,Success,1.0,0.0,1.0
7214,emt,Success,80.0,5.0,0.18381878865475415
7214,card,Success,933.0,9.0,0.008208556127955102
7214,wire,Success,7.0,1.0,0.31880709011403996
7214,eft,Success,1327.0,13.0,0.005784757017163485
7214,cheque,Success,357.0,11.0,0.05453297052033939
9651,abm,Success,7.0,1.0,0.9253622336812115
9651,emt,Success,108.0,5.0,0.13241691984840415
9651,card,Success,439.0,7.0,0.024096385542168672
9651,wire,Success,1.0,0.0,1.0
9651,eft,Success,284.0,8.0,0.032309264181744374
9651,cheque,Success,416.0,8.0,0.033962631592543174
9699,abm,Success,18.0,0.0,1.0
9699,emt,Success,414.0,16.0,0.11595861133623735
9699,card,Success,782.0,16.0,0.0349212484172707
9699,wire,Skipped - No transactions found,,,
9699,eft,Success,180.0,14.0,0.27099475832208186
9699,cheque,Success,1438.0,24.0,0.013163730113349656
5743,abm,Success,8.0,0.0,1.0
5743,emt,Success,165.0,8.0,0.07225586509733586
5743,card,Success,910.0,13.0,0.023094697370852863
5743,wire,Success,7.0,1.0,0.3944049369803675
5743,eft,Success,434.0,13.0,0.0343804658796357
5743,cheque,Success,62.0,7.0,0.7456779904102354
6111,abm,Success,22.0,2.0,0.08320292726891121
6111,emt,Success,32.0,3.0,0.17203830484250424
6111,card,Success,56.0,4.0,0.2718926289498412
6111,wire,Success,4.0,0.0,1.0
6111,eft,Success,345.0,9.0,0.04639338637820606
6111,cheque,Success,197.0,9.0,0.11250922426829528
6391,abm,Success,18.0,2.0,0.30930544090599704
6391,emt,Success,160.0,5.0,0.08241783849808088
6391,card,Success,337.0,9.0,0.04022250128889454
6391,wire,Success,1.0,0.0,1.0
6391,eft,Success,181.0,10.0,0.12218586314565089
6391,cheque,Success,243.0,8.0,0.049546521781110575
9731,abm,Success,6.0,1.0,0.936729595806544
9731,emt,Success,32.0,4.0,0.5349690880989183
9731,card,Success,313.0,9.0,0.05224679481498864
9731,wire,Skipped - No transactions found,,,
9731,eft,Success,45.0,4.0,0.2491213237702745
9731,cheque,Success,230.0,7.0,0.03595638305932926
5529,abm,Success,25.0,3.0,0.40368446111113176
5529,emt,Success,55.0,4.0,0.16712560079096755
5529,card,Success,604.0,8.0,0.016200181109678167
5529,wire,Skipped - No transactions found,,,
5529,eft,Success,166.0,12.0,0.16313963929337075
5529,cheque,Success,216.0,11.0,0.1189219107040021
0133,abm,Success,21.0,2.0,0.7037865633765192
0133,emt,Success,235.0,5.0,0.03736958490611911
0133,card,Success,876.0,9.0,0.015407966608173167
0133,wire,Success,1.0,0.0,1.0
0133,eft,Success,818.0,11.0,0.013223207413435484
0133,cheque,Success,197.0,10.0,0.098907409737316
9711,abm,Success,15.0,2.0,0.9845309642017245
9711,emt,Success,273.0,21.0,0.2660669859035422
9711,card,Success,743.0,22.0,0.049135750343263035
9711,wire,Success,5.0,0.0,1.0
9711,eft,Success,813.0,26.0,0.06147273617342769
9711,cheque,Success,202.0,17.0,0.25413960402236246
2499,abm,Success,19.0,2.0,0.5494522106345675
2499,emt,Success,102.0,5.0,0.09213084101494139
2499,card,Success,200.0,9.0,0.10260865055819313
2499,wire,Skipped - No transactions found,,,
2499,eft,Success,91.0,8.0,0.33061817949877653
2499,cheque,Success,291.0,5.0,0.026309345372550953
4113,abm,Success,44.0,5.0,0.893037539987484
4113,emt,Success,646.0,19.0,0.05822029489052988
4113,card,Success,882.0,17.0,0.030487193934798984
4113,wire,Success,15.0,1.0,0.15991484408462403
4113,eft,Success,254.0,21.0,0.23929783013435998
4113,cheque,Success,1263.0,22.0,0.012309543496102117
4224,abm,Success,72.0,6.0,0.13551615265297254
4224,emt,Success,349.0,11.0,0.0633194978327831
4224,card,Success,993.0,20.0,0.02884212260214164
4224,wire,Skipped - No transactions found,,,
4224,eft,Success,221.0,13.0,0.15675920671535643
4224,cheque,Success,1011.0,15.0,0.020063325677277026
0711,abm,Success,18.0,0.0,1.0
0711,emt,Success,388.0,15.0,0.09044299720882747
0711,card,Success,1385.0,29.0,0.033626769051963296
0711,wire,Success,8.0,1.0,0.7384092703021089
0711,eft,Success,832.0,26.0,0.0525050559565695
0711,cheque,Success,436.0,22.0,0.10249336342297623
9726,abm,Success,25.0,3.0,0.5328348484378398
9726,emt,Success,166.0,10.0,0.13744550085553758
9726,card,Success,1186.0,14.0,0.01493163544411766
9726,wire,Skipped - No transactions found,,,
9726,eft,Success,1105.0,16.0,0.020723448280053066
9726,cheque,Success,568.0,12.0,0.054467296731728544
4599,abm,Success,1.0,0.0,1.0
4599,emt,Success,266.0,9.0,0.05756558366477754
4599,card,Success,431.0,5.0,0.018297069200107017
4599,wire,Success,5.0,0.0,1.0
4599,eft,Success,1004.0,12.0,0.010597513253218829
4599,cheque,Success,323.0,8.0,0.03538540261284424
9114,abm,Success,9.0,1.0,0.5046403692175201
9114,emt,Success,74.0,7.0,0.18752578489728894
9114,card,Success,242.0,9.0,0.07907794820213887
9114,wire,Skipped - No transactions found,,,
9114,eft,Success,649.0,13.0,0.016245522217998715
9114,cheque,Success,71.0,7.0,0.2732728597159455
8621,abm,Success,10.0,1.0,0.9549330372165018
8621,emt,Success,117.0,8.0,0.16289483646314343
8621,card,Success,450.0,7.0,0.023616760642451388
8621,wire,Skipped - No transactions found,,,
8621,eft,Success,275.0,11.0,0.06688309290499421
8621,cheque,Success,53.0,6.0,0.514433699842616
2839,abm,Success,6.0,1.0,0.35457145136704726
2839,emt,Success,231.0,7.0,0.0520771138566114
2839,card,Success,222.0,7.0,0.05398029293438403
2839,wire,Skipped - No transactions found,,,
2839,eft,Success,417.0,7.0,0.024185278885573525
2839,cheque,Success,134.0,3.0,0.033779658350414445
6131,abm,Success,43.0,5.0,0.5703624926131592
6131,emt,Success,200.0,9.0,0.0941631431211757
6131,card,Success,905.0,16.0,0.02948632420476469
6131,wire,Skipped - No transactions found,,,
6131,eft,Success,546.0,16.0,0.0346679941211082
6131,cheque,Success,64.0,7.0,0.34249666597448203
9921,abm,Success,3.0,1.0,0.5521513203839825
9921,emt,Success,87.0,5.0,0.12277113776805743
9921,card,Success,302.0,9.0,0.04352093506670975
9921,wire,Skipped - No transactions found,,,
9921,eft,Success,210.0,4.0,0.02778743743391564
9921,cheque,Success,34.0,3.0,0.33434053428711175
6352,abm,Success,36.0,4.0,0.7399460340787894
6352,emt,Success,118.0,9.0,0.1793126059768656
6352,card,Success,1150.0,17.0,0.02887106709191298
6352,wire,Skipped - No transactions found,,,
6352,eft,Success,281.0,12.0,0.08723735312658189
6352,cheque,Success,134.0,14.0,0.3132193678252108
4563,abm,Skipped - No transactions found,,,
4563,emt,Success,240.0,10.0,0.12012891348983945
4563,card,Success,180.0,8.0,0.07075955651166636
4563,wire,Success,10.0,1.0,0.578883599828168
4563,eft,Success,139.0,12.0,0.2973589056964883
4563,cheque,Success,186.0,8.0,0.11867305081167258
4279,abm,Success,65.0,7.0,0.8076520707265749
4279,emt,Success,447.0,18.0,0.10479914910148132
4279,card,Success,1186.0,21.0,0.029266264776746924
4279,wire,Success,3.0,1.0,0.5080024027458838
4279,eft,Success,981.0,23.0,0.03904315245201053
4279,cheque,Success,592.0,26.0,0.09498333896892903
5639,abm,Success,1.0,0.0,1.0
5639,emt,Success,130.0,5.0,0.13154077571203487
5639,card,Success,364.0,8.0,0.032123343879935796
5639,wire,Success,1.0,0.0,1.0
5639,eft,Success,611.0,11.0,0.0119834666442015
5639,cheque,Success,108.0,6.0,0.13047145806321675
4112,abm,Success,5.0,1.0,0.920574010496085
4112,emt,Success,120.0,5.0,0.08790261525246952
4112,card,Success,320.0,10.0,0.03560103408336617
4112,wire,Skipped - No transactions found,,,
4112,eft,Success,293.0,9.0,0.042248318661788326
4112,cheque,Success,491.0,8.0,0.026623889170670805
9642,abm,Success,7.0,0.0,1.0
9642,emt,Success,154.0,8.0,0.11070921297383292
9642,card,Success,296.0,8.0,0.05604048801139207
9642,wire,Skipped - No transactions found,,,
9642,eft,Success,203.0,10.0,0.08564848724638746
9642,cheque,Success,429.0,10.0,0.04077417557615229
9821,abm,Success,29.0,2.0,0.29088054135050456
9821,emt,Success,65.0,6.0,0.26106115438183136
9821,card,Success,475.0,10.0,0.03442790314439828
9821,wire,Success,4.0,1.0,0.33609939840075764
9821,eft,Success,417.0,11.0,0.04123399847661344
9821,cheque,Success,360.0,15.0,0.06402624921994866
3994,abm,Success,1.0,0.0,1.0
3994,emt,Success,206.0,6.0,0.06702367908075339
3994,card,Success,880.0,12.0,0.015611722970408285
3994,wire,Success,2.0,0.0,1.0
3994,eft,Success,187.0,14.0,0.17874600550964206
3994,cheque,Success,136.0,9.0,0.13256481080514532
0511,abm,Success,38.0,4.0,0.9833718585639409
0511,emt,Success,130.0,13.0,0.37906090638356454
0511,card,Success,471.0,15.0,0.06613433619470382
0511,wire,Skipped - No transactions found,,,
0511,eft,Success,597.0,18.0,0.07004148398994764
0511,cheque,Success,401.0,26.0,0.16068195866579735
4839,abm,Success,20.0,2.0,0.990575069649688
4839,emt,Success,218.0,9.0,0.10413547505264244
4839,card,Success,664.0,12.0,0.026599633265113453
4839,wire,Success,94.0,6.0,0.09571797154669355
4839,eft,Success,700.0,21.0,0.05555265427631124
4839,cheque,Success,117.0,9.0,0.18611350599137003
3741,abm,Skipped - No transactions found,,,
3741,emt,Success,16.0,2.0,0.3422329441763956
3741,card,Success,193.0,7.0,0.053209629318737656
3741,wire,Skipped - No transactions found,,,
3741,eft,Success,154.0,6.0,0.06308121840225862
3741,cheque,Success,8.0,1.0,0.9331180460076827
4023,abm,Success,77.0,5.0,0.08405507978559555
4023,emt,Success,97.0,7.0,0.22123136141023844
4023,card,Success,953.0,12.0,0.01681850796584678
4023,wire,Skipped - No transactions found,,,
4023,eft,Success,908.0,10.0,0.00978998009185492
4023,cheque,Success,139.0,9.0,0.22677879481896898
4799,abm,Success,9.0,0.0,1.0
4799,emt,Success,68.0,5.0,0.26139695029360893
4799,card,Success,805.0,11.0,0.013893434616995819
4799,wire,Success,38.0,3.0,0.4075152554369198
4799,eft,Success,2163.0,7.0,0.003697963673844418
4799,cheque,Success,180.0,10.0,0.12604055576633713
9841,abm,Success,3.0,1.0,0.44662402426132175
9841,emt,Success,1291.0,4.0,0.0023441047417696306
9841,card,Success,156.0,6.0,0.05076825123550996
9841,wire,Skipped - No transactions found,,,
9841,eft,Success,1026.0,7.0,0.006470594514420431
9841,cheque,Success,20.0,0.0,1.0
8649,abm,Success,28.0,3.0,0.44836970756123296
8649,emt,Success,155.0,10.0,0.221838786749634
8649,card,Success,374.0,9.0,0.03960657998765229
8649,wire,Skipped - No transactions found,,,
8649,eft,Success,654.0,13.0,0.03187802220616706
8649,cheque,Success,143.0,11.0,0.154867314452478
4239,abm,Success,27.0,0.0,1.0
4239,emt,Success,122.0,9.0,0.1707260237090733
4239,card,Success,321.0,16.0,0.09439050701186623
4239,wire,Skipped - No transactions found,,,
4239,eft,Success,245.0,13.0,0.1164654436122492
4239,cheque,Success,494.0,13.0,0.03307437522584314
9654,abm,Success,42.0,4.0,0.2523922914276866
9654,emt,Success,280.0,16.0,0.14416746172609882
9654,card,Success,875.0,15.0,0.02347426130267488
9654,wire,Success,1.0,0.0,1.0
9654,eft,Success,684.0,26.0,0.08922594918073651
9654,cheque,Success,296.0,20.0,0.13867287000625994
0162,abm,Success,17.0,2.0,0.7245820377722725
0162,emt,Success,175.0,6.0,0.035932382482917066
0162,card,Success,270.0,9.0,0.058818333505357444
0162,wire,Success,2.0,1.0,0.7715128302666845
0162,eft,Success,364.0,8.0,0.031195577861519466
0162,cheque,Success,122.0,10.0,0.3579675585887748
6311,abm,Success,4.0,1.0,0.9267705884220457
6311,emt,Success,38.0,4.0,0.3706935111720427
6311,card,Success,159.0,8.0,0.08501654918494071
6311,wire,Skipped - No transactions found,,,
6311,eft,Success,254.0,12.0,0.14559726739450132
6311,cheque,Success,263.0,11.0,0.06074751986319554
0139,abm,Success,13.0,2.0,0.26739245021753577
0139,emt,Success,156.0,8.0,0.1585477718363186
0139,card,Success,640.0,15.0,0.03503126938046228
0139,wire,Success,4.0,1.0,0.4992678219097537
0139,eft,Success,1110.0,17.0,0.012828204330849625
0139,cheque,Success,594.0,11.0,0.02598197310128949
4232,abm,Success,25.0,3.0,0.6389700050632031
4232,emt,Success,147.0,4.0,0.06832041919562676
4232,card,Success,618.0,11.0,0.019619787135259376
4232,wire,Skipped - No transactions found,,,
4232,eft,Success,403.0,8.0,0.03202973487688362
4232,cheque,Success,106.0,8.0,0.16908697187464836
9713,abm,Success,9.0,1.0,0.8349279412570553
9713,emt,Success,120.0,7.0,0.12249920886544399
9713,card,Success,389.0,11.0,0.056822837483851134
9713,wire,Skipped - No transactions found,,,
9713,eft,Success,308.0,8.0,0.03665386522740436
9713,cheque,Success,326.0,8.0,0.029099734823428196
6342,abm,Success,34.0,4.0,0.38412899571082837
6342,emt,Success,348.0,12.0,0.08757820796257089
6342,card,Success,1027.0,17.0,0.021802912877490855
6342,wire,Success,1.0,0.0,1.0
6342,eft,Success,1628.0,21.0,0.01881681065778756
6342,cheque,Success,286.0,17.0,0.1508019208702518
6213,abm,Success,58.0,3.0,0.08564514713793892
6213,emt,Success,130.0,6.0,0.0969422017534526
6213,card,Success,189.0,8.0,0.07156636304466053
6213,wire,Skipped - No transactions found,,,
6213,eft,Success,405.0,11.0,0.03679567145673179
6213,cheque,Success,72.0,6.0,0.3122247436380744
0239,abm,Success,3.0,1.0,0.6994150974291797
0239,emt,Success,23.0,3.0,0.5707505349393598
0239,card,Success,206.0,6.0,0.06426220521638498
0239,wire,Skipped - No transactions found,,,
0239,eft,Success,131.0,6.0,0.15297317244050718
0239,cheque,Success,242.0,7.0,0.05171659395738806
4216,abm,Success,24.0,3.0,0.32906733668935056
4216,emt,Success,90.0,6.0,0.23577175453281976
4216,card,Success,977.0,13.0,0.02270210685091581
4216,wire,Skipped - No transactions found,,,
4216,eft,Success,262.0,5.0,0.014922185762133666
4216,cheque,Success,14.0,2.0,0.5390028286777497
6531,abm,Success,1.0,0.0,1.0
6531,emt,Success,156.0,5.0,0.06481185668553921
6531,card,Success,381.0,8.0,0.02192130762007528
6531,wire,Success,1.0,0.0,1.0
6531,eft,Success,185.0,9.0,0.1188793123624492
6531,cheque,Success,295.0,6.0,0.01897729991210592
4243,abm,Success,4.0,1.0,0.890684753390108
4243,emt,Success,66.0,5.0,0.21812683179127637
4243,card,Success,529.0,9.0,0.02162423985588608
4243,wire,Skipped - No transactions found,,,
4243,eft,Success,331.0,8.0,0.036471889619310575
4243,cheque,Success,301.0,8.0,0.02838532628563904
9121,abm,Success,45.0,3.0,0.23453819821869434
9121,emt,Success,77.0,5.0,0.22691269674651646
9121,card,Success,331.0,10.0,0.0551871463166744
9121,wire,Skipped - No transactions found,,,
9121,eft,Success,295.0,9.0,0.04418293880966058
9121,cheque,Success,289.0,7.0,0.026367435887105276
6032,abm,Success,2.0,1.0,0.801481650330522
6032,emt,Success,97.0,5.0,0.16994246341809918
6032,card,Success,276.0,6.0,0.043019738904069925
6032,wire,Skipped - No transactions found,,,
6032,eft,Success,76.0,8.0,0.40519397519180544
6032,cheque,Success,469.0,7.0,0.010091478441904007
9113,abm,Success,9.0,0.0,1.0
9113,emt,Success,84.0,7.0,0.29586152395350074
9113,card,Success,157.0,7.0,0.09872949173652877
9113,wire,Skipped - No transactions found,,,
9113,eft,Success,137.0,9.0,0.19456212538110915
9113,cheque,Success,230.0,11.0,0.08475403382548286
4276,abm,Success,53.0,4.0,0.2745289361628638
4276,emt,Success,79.0,3.0,0.1149467173777551
4276,card,Success,449.0,8.0,0.03752237870870911
4276,wire,Skipped - No transactions found,,,
4276,eft,Success,228.0,6.0,0.04274708302425422
4276,cheque,Success,111.0,6.0,0.12434965478707423
4129,abm,Success,7.0,0.0,1.0
4129,emt,Success,63.0,6.0,0.3794665168867291
4129,card,Success,475.0,14.0,0.053799417883451196
4129,wire,Success,16.0,1.0,0.15438521726911705
4129,eft,Success,135.0,10.0,0.17836204506405645
4129,cheque,Success,377.0,9.0,0.02488412429916335
4999,abm,Success,14.0,2.0,0.7856818537831537
4999,emt,Success,87.0,6.0,0.13185301716111777
4999,card,Success,519.0,10.0,0.01952957558309105
4999,wire,Success,26.0,1.0,0.0933584102266064
4999,eft,Success,687.0,10.0,0.020930121739369846
4999,cheque,Success,100.0,7.0,0.2457865362570062
4229,abm,Success,41.0,4.0,0.4984428673240463
4229,emt,Success,133.0,9.0,0.1815145858562017
4229,card,Success,952.0,16.0,0.019249124505887116
4229,wire,Success,11.0,1.0,0.08339154359843852
4229,eft,Success,501.0,11.0,0.01769430947301521
4229,cheque,Success,251.0,13.0,0.13624720620852956
4235,abm,Success,55.0,5.0,0.47027352047804655
4235,emt,Success,144.0,10.0,0.2862163084615898
4235,card,Success,1400.0,23.0,0.025519387205241877
4235,wire,Skipped - No transactions found,,,
4235,eft,Success,413.0,19.0,0.11766598509816599
4235,cheque,Success,711.0,24.0,0.06095272104735247
1072,abm,Success,3.0,1.0,0.9446179326557053
1072,emt,Success,41.0,3.0,0.26277632132569506
1072,card,Success,890.0,10.0,0.017866379204122113
1072,wire,Skipped - No transactions found,,,
1072,eft,Success,381.0,7.0,0.020634690473230945
1072,cheque,Success,20.0,2.0,0.251230632804443
6221,abm,Success,33.0,3.0,0.4099939152525846
6221,emt,Success,277.0,8.0,0.07269857915577986
6221,card,Success,563.0,13.0,0.04726641305774443
6221,wire,Skipped - No transactions found,,,
6221,eft,Success,246.0,10.0,0.0891735873400184
6221,cheque,Success,84.0,7.0,0.23932368971701656
6562,abm,Success,43.0,5.0,0.5499264576590273
6562,emt,Success,196.0,8.0,0.08622117777179275
6562,card,Success,706.0,11.0,0.014254922652853313
6562,wire,Skipped - No transactions found,,,
6562,eft,Success,244.0,13.0,0.1369575441615968
6562,cheque,Success,96.0,7.0,0.20723571419500403
8511,abm,Success,1.0,0.0,1.0
8511,emt,Success,108.0,9.0,0.23635149011200857
8511,card,Success,433.0,9.0,0.03812822197010415
8511,wire,Success,3.0,1.0,0.7676186918745308
8511,eft,Success,232.0,13.0,0.16068542026309796
8511,cheque,Success,59.0,6.0,0.5912893389871233
4931,abm,Success,74.0,5.0,0.10611844584161417
4931,emt,Success,274.0,7.0,0.04949486522693128
4931,card,Success,1238.0,11.0,0.01590385221098873
4931,wire,Success,3.0,1.0,0.9654151611883839
4931,eft,Success,459.0,12.0,0.05142274721622542
4931,cheque,Success,314.0,12.0,0.07836266826250414
9831,abm,Success,31.0,3.0,0.6656005914306836
9831,emt,Success,219.0,10.0,0.1513070272462129
9831,card,Success,1335.0,13.0,0.011549096213665911
9831,wire,Success,3.0,1.0,0.9348620799644972
9831,eft,Success,356.0,17.0,0.11132725629642214
9831,cheque,Success,526.0,20.0,0.09143167345466717
9851,abm,Success,47.0,5.0,0.36567562336427367
9851,emt,Success,220.0,10.0,0.12464506948601697
9851,card,Success,669.0,14.0,0.03670434089664535
9851,wire,Skipped - No transactions found,,,
9851,eft,Success,335.0,15.0,0.07211479078697937
9851,cheque,Success,374.0,17.0,0.060268952846593546
3081,abm,Success,8.0,0.0,1.0
3081,emt,Success,112.0,8.0,0.2324976094500484
3081,card,Success,1041.0,13.0,0.013714271530165193
3081,wire,Success,5.0,1.0,0.562564851194707
3081,eft,Success,467.0,15.0,0.06967951978399835
3081,cheque,Success,272.0,12.0,0.10388242049670299
1699,abm,Success,45.0,3.0,0.12114301211984833
1699,emt,Success,140.0,5.0,0.11894704851339143
1699,card,Success,431.0,8.0,0.03838637893634528
1699,wire,Success,7.0,1.0,0.6154292190446164
1699,eft,Success,218.0,9.0,0.09921332589095794
1699,cheque,Success,280.0,8.0,0.034351798045951974
3192,abm,Success,6.0,0.0,1.0
3192,emt,Success,25.0,2.0,0.29208717039645327
3192,card,Success,152.0,4.0,0.0426899343351482
3192,wire,Skipped - No transactions found,,,
3192,eft,Success,864.0,6.0,0.006478301209131106
3192,cheque,Success,28.0,3.0,0.7797892462608205
4562,abm,Success,23.0,3.0,0.6327512737996569
4562,emt,Success,75.0,7.0,0.32862824467962126
4562,card,Success,398.0,7.0,0.03249126716744391
4562,wire,Success,6.0,1.0,0.7664344613033596
4562,eft,Success,416.0,12.0,0.03970431997953926
4562,cheque,Success,210.0,7.0,0.0845149305166146
0411,abm,Success,23.0,3.0,0.9687254771057188
0411,emt,Success,65.0,7.0,0.52238559118572
0411,card,Success,1430.0,11.0,0.010891020620612524
0411,wire,Skipped - No transactions found,,,
0411,eft,Success,561.0,10.0,0.01434882606054222
0411,cheque,Success,251.0,11.0,0.05783183014384629
5221,abm,Success,8.0,1.0,0.41872165606063605
5221,emt,Success,73.0,5.0,0.3037213527568576
5221,card,Success,814.0,7.0,0.012908802247329954
5221,wire,Skipped - No transactions found,,,
5221,eft,Success,124.0,9.0,0.23752762461042223
5221,cheque,Success,278.0,8.0,0.05007849575349991
3971,abm,Success,11.0,1.0,0.6893229040146399
3971,emt,Success,110.0,6.0,0.15127795863624643
3971,card,Success,352.0,12.0,0.04672416785922936
3971,wire,Success,24.0,2.0,0.46604441273847375
3971,eft,Success,640.0,11.0,0.02144063233767821
3971,cheque,Success,512.0,12.0,0.039809153114879474
6591,abm,Success,4.0,0.0,1.0
6591,emt,Success,176.0,7.0,0.07113556612472058
6591,card,Success,1118.0,10.0,0.013165713501252225
6591,wire,Skipped - No transactions found,,,
6591,eft,Success,1286.0,9.0,0.005575062249642094
6591,cheque,Success,952.0,7.0,0.006789298395974854
8654,abm,Success,28.0,3.0,0.8321606296422086
8654,emt,Success,72.0,7.0,0.43573723980113527
8654,card,Success,699.0,13.0,0.03976515182027008
8654,wire,Skipped - No transactions found,,,
8654,eft,Success,788.0,21.0,0.045388497354893385
8654,cheque,Success,704.0,20.0,0.03908093861678343
2831,abm,Success,2.0,0.0,1.0
2831,emt,Success,44.0,4.0,0.29359233573715443
2831,card,Success,549.0,6.0,0.013328483704440043
2831,wire,Success,3.0,1.0,0.7255488524063081
2831,eft,Success,181.0,8.0,0.09505194010317508
2831,cheque,Success,234.0,7.0,0.024271892350736683
4231,abm,Success,17.0,2.0,0.668592304881076
4231,emt,Success,163.0,8.0,0.11502786053460293
4231,card,Success,691.0,13.0,0.04217926865163907
4231,wire,Skipped - No transactions found,,,
4231,eft,Success,603.0,15.0,0.04167354937935845
4231,cheque,Success,737.0,15.0,0.034321839665964055
7712,abm,Success,11.0,1.0,0.6647396524584092
7712,emt,Success,48.0,4.0,0.19680622859109012
7712,card,Success,239.0,6.0,0.045061337293680066
7712,wire,Success,2.0,0.0,1.0
7712,eft,Success,831.0,9.0,0.00903227765625935
7712,cheque,Success,93.0,3.0,0.02477973157863914
8668,abm,Success,6.0,0.0,1.0
8668,emt,Success,134.0,7.0,0.20451004050837776
8668,card,Success,1349.0,12.0,0.013298995788014306
8668,wire,Success,4.0,1.0,0.9243601150169602
8668,eft,Success,523.0,13.0,0.037266120710549
8668,cheque,Success,884.0,11.0,0.012820415192401837
0115,abm,Success,14.0,0.0,1.0
0115,emt,Success,45.0,5.0,0.511659948508569
0115,card,Success,455.0,12.0,0.03888676687286529
0115,wire,Skipped - No transactions found,,,
0115,eft,Success,662.0,9.0,0.017606770050974076
0115,cheque,Success,54.0,5.0,0.26396432572788847
0151,abm,Success,22.0,2.0,0.13718985329736166
0151,emt,Success,133.0,7.0,0.10280880200483695
0151,card,Success,279.0,11.0,0.0503522526236758
0151,wire,Success,6.0,1.0,0.6789133829739351
0151,eft,Success,114.0,10.0,0.22189617679636253
0151,cheque,Success,238.0,8.0,0.05990393370992397
4259,abm,Success,4.0,0.0,1.0
4259,emt,Success,35.0,4.0,0.5721063759255614
4259,card,Success,136.0,10.0,0.20601737045846072
4259,wire,Skipped - No transactions found,,,
4259,eft,Success,121.0,9.0,0.23785343900496417
4259,cheque,Success,81.0,8.0,0.4215604931105229
5319,abm,Success,5.0,0.0,1.0
5319,emt,Success,65.0,4.0,0.1720475132881332
5319,card,Success,396.0,5.0,0.02017898216312413
5319,wire,Success,6.0,1.0,0.7619391982551255
5319,eft,Success,107.0,7.0,0.21565433186428157
5319,cheque,Success,246.0,6.0,0.019387427624810383
4022,abm,Success,47.0,4.0,0.3667330078682978
4022,emt,Success,446.0,9.0,0.037709972115724286
4022,card,Success,1202.0,15.0,0.01275295511672632
4022,wire,Success,1.0,0.0,1.0
4022,eft,Success,302.0,13.0,0.0872658409511595
4022,cheque,Success,483.0,17.0,0.04293051510597963
8671,abm,Success,16.0,2.0,0.5
8671,emt,Success,178.0,6.0,0.0524225023307412
8671,card,Success,209.0,7.0,0.05565553501886088
8671,wire,Skipped - No transactions found,,,
8671,eft,Success,143.0,10.0,0.18550043327894852
8671,cheque,Success,404.0,11.0,0.04349650620888523
5511,abm,Success,26.0,3.0,0.7951925149312746
5511,emt,Success,132.0,7.0,0.12957163436723518
5511,card,Success,251.0,8.0,0.06082279649994997
5511,wire,Skipped - No transactions found,,,
5511,eft,Success,1388.0,13.0,0.004362075605391069
5511,cheque,Success,137.0,6.0,0.11462339563972777
5793,abm,Success,3.0,1.0,0.4757396234973917
5793,emt,Success,247.0,10.0,0.10411859405228557
5793,card,Success,315.0,7.0,0.04103040555340424
5793,wire,Success,5.0,0.0,1.0
5793,eft,Success,504.0,13.0,0.05157342772030257
5793,cheque,Success,104.0,9.0,0.3297038419906524
5621,abm,Success,22.0,3.0,0.8011327700888072
5621,emt,Success,90.0,7.0,0.14569241360685128
5621,card,Success,460.0,11.0,0.03209602382185551
5621,wire,Skipped - No transactions found,,,
5621,eft,Success,601.0,11.0,0.02282529659241757
5621,cheque,Success,109.0,8.0,0.15639573729270198
9952,abm,Success,4.0,0.0,1.0
9952,emt,Success,55.0,3.0,0.06899745537990665
9952,card,Success,294.0,7.0,0.028210210099352834
9952,wire,Skipped - No transactions found,,,
9952,eft,Success,2365.0,8.0,0.0006946496772661859
9952,cheque,Success,79.0,6.0,0.21018271664125826
8351,abm,Success,1.0,0.0,1.0
8351,emt,Success,186.0,5.0,0.045005499556511064
8351,card,Success,58.0,2.0,0.058238462010556075
8351,wire,Success,1.0,0.0,1.0
8351,eft,Success,351.0,5.0,0.015381559319346138
8351,cheque,Success,11.0,1.0,0.1579216469888507
9619,abm,Success,16.0,2.0,0.5735464680417957
9619,emt,Success,102.0,8.0,0.18971558354024942
9619,card,Success,594.0,8.0,0.017896057699833646
9619,wire,Skipped - No transactions found,,,
9619,eft,Success,284.0,10.0,0.08459551113223629
9619,cheque,Success,119.0,6.0,0.16697686686350455
2819,abm,Skipped - No transactions found,,,
2819,emt,Success,125.0,6.0,0.09146292157794894
2819,card,Success,458.0,7.0,0.015361876831037137
2819,wire,Success,3.0,1.0,0.612608219114879
2819,eft,Success,203.0,10.0,0.08729983765228974
2819,cheque,Success,246.0,6.0,0.026410762511883203
5231,abm,Success,12.0,2.0,0.9681053052771221
5231,emt,Success,192.0,5.0,0.03175393351723396
5231,card,Success,252.0,6.0,0.03626549772703563
5231,wire,Success,24.0,3.0,0.9037310759884983
5231,eft,Success,1274.0,9.0,0.0015563836679042035
5231,cheque,Success,34.0,4.0,0.3789512280654282
0611,abm,Success,25.0,3.0,0.9286712450383274
0611,emt,Success,116.0,8.0,0.1792004701402195
0611,card,Success,631.0,12.0,0.04785713216079042
0611,wire,Skipped - No transactions found,,,
0611,eft,Success,429.0,10.0,0.031249916700616436
0611,cheque,Success,111.0,9.0,0.2881866034795331
9919,abm,Success,5.0,1.0,0.9543504413476731
9919,emt,Success,62.0,3.0,0.13703806103732166
9919,card,Success,721.0,6.0,0.012677084854680882
9919,wire,Skipped - No transactions found,,,
9919,eft,Success,254.0,8.0,0.0573718979204392
9919,cheque,Success,357.0,6.0,0.014991261136144903
3029,abm,Success,2.0,0.0,1.0
3029,emt,Success,38.0,4.0,0.591949389961939
3029,card,Success,418.0,7.0,0.021053598321243032
3029,wire,Skipped - No transactions found,,,
3029,eft,Success,116.0,7.0,0.19306196268472525
3029,cheque,Success,130.0,9.0,0.21284423660031968
4812,abm,Success,38.0,4.0,0.3872940908064624
4812,emt,Success,83.0,6.0,0.23504224895943981
4812,card,Success,346.0,8.0,0.03279452388128001
4812,wire,Skipped - No transactions found,,,
4812,eft,Success,641.0,8.0,0.014997878934792397
4812,cheque,Success,44.0,5.0,0.6539619777530554
6223,abm,Success,1.0,0.0,1.0
6223,emt,Success,139.0,6.0,0.13061915857371365
6223,card,Success,433.0,7.0,0.035167615042674676
6223,wire,Success,3.0,1.0,0.7595959456422349
6223,eft,Success,456.0,9.0,0.03594170253380512
6223,cheque,Success,172.0,7.0,0.05943509898902201
